[
    {
        "name": "Label",
        "description": "",
        "icon": "fa fa-adn",
        "group": "Typography",
        "tag": "zt_label",
        "options": {
            "type": "default"
        },
        "depends": {
            "css": [
                "Shortcodes://assets/bootstrap/css/bootstrap.min.css"
            ],
            "js": [
                ""
            ],
            "php": [
                
            ]
        }
    },
    {
        "name": "Badge",
        "description": "",
        "icon": "fa fa-bullhorn",
        "group": "Typography",
        "tag": "zt_badges",
        "options": {
            "type": "link",
            "text": "",
            "link": "",
            "buttonType": ""
        }
    },
    {
        "name": "Tabs",
        "description": "",
        "icon": "fa fa-table",
        "group": "General",
        "tag": "zt_tabs",
        "options": {
            
        },
        "depends": {
            "css": [
                "Shortcodes://assets/bootstrap/css/bootstrap.min.css"
            ]
        }
    },
    {
        "name": "Columns",
        "description": "",
        "icon": "fa fa-columns",
        "group": "Grid",
        "tag": "zt_columns",
        "options": {
        }
    },
    {
        "name": "Progress Bar",
        "description": "",
        "icon": "fa fa-wifi",
        "group": "Grid",
        "tag": "zt_progress_bar",
        "options": {
            "strip": "striped",
            "animated": "active",
            "now-value": "70",
            "min-value": "0",
            "max-value": "99",
            "hidden-content": "hidden",
            "trackColor": "#f6f6f6",
            "barColor": "#a0ce4e",
            "titleColor": "#ffffff",
            "height": "37"
        },
        "depends": {
            "css": [
                "Shortcodes://assets/bootstrap/css/bootstrap.min.css",
                "Shortcodes://assets/css/progress-bar.css"
            ],
            "js": [
                "Shortcodes://assets/js/waypoints.min.js",
                "Shortcodes://assets/js/progress-bar.js"
            ]
        }
    },
    {
        "name": "Button",
        "description": "",
        "icon": "fa fa-thumbs-o-up",
        "group": "Grid",
        "tag": "zt_button",
        "options": {
            "type": "default",
            "size": "standard",
            "colour": "accent",
            "icon": "",
            "link": "#",
            "extra-class": ""
        },
        "depends": {
            "css": [
                "Shortcodes://assets/css/buttons.css"
            ]
        }
    },
    {
        "name": "Message Box",
        "description": "",
        "icon": "fa fa-info-circle",
        "group": "Grid",
        "tag": "zt_message_box",
        "options": {
            "type": "success",
            "icon": "",
            "extra-class": ""
        },
        "depends": {
            "css": [
                "Shortcodes://assets/css/message-box.css"
            ]
        }
    },
    {
        "name": "Blockquotes",
        "description": "",
        "icon": "fa fa-quote-left",
        "group": "Grid",
        "tag": "zt_blockquotes",
        "options": {
            "type": "default",
            "author": "",
            "author-link": "",
            "extra-class": ""
        },
        "depends": {
            "css": [
                "Shortcodes://assets/css/blockquotes.css"
            ]
        }
    },
    {
        "name": "Pricing Table",
        "description": "",
        "icon": "fa fa-table",
        "group": "Grid",
        "tag": "zt_pricing",
        "options": {
            "pricing-type": "",
            "price": "",
            "item-column": "",
            "item-hightlight": "",
            "level-item": "",
            "title": "",
            "link": "",
            "button-text": ""
        },
        "depends": {
            "css": [
                "Shortcodes://assets/css/pricing.css"
            ],
            "js": [
                "Shortcodes://assets/js/pricing.js"
            ]
        }
    },
    {
        "name": "Accordion",
        "description": "",
        "icon": "fa fa-list",
        "group": "Collapse",
        "tag": "zt_accordions",
        "options": {
            "type": "accordion"
        },
        "depends": {
            "css": [
                "Shortcodes://assets/css/accordion.css"
            ],
            "js": [
                "Shortcodes://assets/js/accordion.js"
            ]
        }
    },
    {
        "name": "Dropcaps",
        "description": "",
        "icon": "fa fa-bullseye",
        "group": "Collapse",
        "tag": "zt_dropcaps",
        "options": {
            "type": "type-1",
            "bgColor": "transparent",
            "textColor": "#444444"
        },
        "depends": {
            "css": [
                "Shortcodes://assets/css/dropcaps.css"
            ]
        }
    },
    {
        "name": "Font Icon",
        "description": "",
        "icon": "fa fa-align-justify",
        "group": "Collapse",
        "tag": "zt_i",
        "options": {
            "classIcon": "fa fa-joomla",
            "iconCircle": "",
            "iconSize": "",
            "iconColor": "",
            "iconBgColor": "",
            "iconBdColor": "",
            "spinningIcon": ""
        },
        "depends": {
            "css": [
                "Shortcodes://assets/font-awesome/css/font-awesome.min.css",
                "Shortcodes://assets/css/i.css"
            ]
        }
    },
    {
        "name": "Divider",
        "description": "",
        "icon": "fa fa-area-chart",
        "group": "Collapse",
        "tag": "zt_divider",
        "options": {
            "type": "thin",
            "text": "",
            "icon": ""
        },
        "depends": {
            "css": [
                "Shortcodes://assets/css/divider.css"
            ]
        }
    },
    {
        "name": "Gallery",
        "description": "",
        "icon": "fa fa-picture-o",
        "group": "gallery",
        "tag": "zt_gallery",
        "options": {
            "width": "700",
            "height": "700",
            "dir": "",
            "style": "default",
            "thumb-width": "300",
            "thumb-height": "300"
        },
        "depends": {
            "css": [
                "Shortcodes://assets/colorbox/css/colorbox.css",
                "Shortcodes://assets/css/gallery.css"
            ],
            "js": [
                "Shortcodes://assets/colorbox/js/jquery.colorbox.js"
            ]
        }
    },
    {
        "name": "Video Play",
        "description": "",
        "icon": "fa fa-youtube-play",
        "group": "media",
        "tag": "zt_video_play",
        "options": {
            "src": "",
            "width": "640",
            "height": "480"
        }
    },
    {
        "name": "Modal",
        "description": "",
        "icon": "fa fa-credit-card",
        "group": "modal",
        "tag": "zt_modal",
        "options": {
            "id": "myModal",
            "title": "",
            "button-type": "",
            "button-size": "",
            "button-text": ""
        },
        "depends": {
            "css": [
                "Shortcodes://assets/css/modal.css"
            ]
        }
    },
    {
        "name": "Counter Circle",
        "description": "",
        "icon": "fa fa-certificate",
        "group": "modal",
        "tag": "zt_counter_circle",
        "options": {
            "easing": "easeInQuad",
            "barColor": "#449D44",
            "trackColor": "#f9f9f9",
            "scaleLength": "10",
            "percent": "90",
            "lineCap": "butt",
            "lineWidth": "10",
            "size": "200",
            "duration": "1000",
            "content-type": "none",
            "icon": "fa fa-thumbs-o-up",
            "extra-class": ""
        },
        "depends": {
            "css": [
                "Shortcodes://assets/css/counter-circle.css"
            ],
            "js":[
                "Shortcodes://assets/js/waypoints.min.js",
                "Shortcodes://assets/js/jquery.easypiechart.js",
                "Shortcodes://assets/js/counter-circle.js"
            ]
        }
    },
    {
        "name": "Testimonial",
        "description": "",
        "icon": "fa fa-shirtsinbulk",
        "group": "modal",
        "tag": "zt_testimonial",
        "options": {
            "bgColor": "#f6f6f6",
            "textColor": "#747474",
            "slider": "false",
            "name": "Zoo Templates",
            "customAvatar": "image/avata/male.jpg",
            "company": "ClearSoft",
            "borderRadius": "4",
            "link": "#",
            "target": "_self"
        },
        "depends": {
            "css": [
                "Shortcodes://assets/bxslider/jquery.bxslider.css",
                "Shortcodes://assets/css/testimonial.css"
            ],
            "js": [
                "Shortcodes://assets/bxslider/jquery.bxslider.min.js",
                "Shortcodes://assets/js/testimonial.js"
            ]
        }
    },
    {
        "name": "Carousel",
        "description": "",
        "icon": "fa fa-sliders",
        "group": "slider",
        "tag": "zt_carousel",
        "options": {
            "image": "images/carousel/up1.jpg",
            "title": "",
            "link": "",
            "showPager": "true",
            "showControl": "true",
            "showItem": "4",
            "duration": "1000",
            "enableReponsive": "true"
        },
        "depends": {
            "css": [
                "Shortcodes://assets/css/carousel.css"
            ],
            "js": [
                "Shortcodes://assets/carouFredSel/jquery.carouFredSel-6.2.1.js",
                "Shortcodes://assets/js/carousel.js"
            ]
        }
    }
]